"","framboids","nodules","min","undif","seds","Wilkin.one","Wilkin.three","Wilkin.five","Wilkin.all","Age"
"1",2,1,3,67,2342,2,11,17,255,0
"2",2,0,1,40,903,1,5,10,143,1
"3",1,0,1,35,522,2,13,17,224,2
"4",1,2,3,29,460,2,17,18,125,3
"5",3,2,4,57,602,6,20,22,209,4
"6",3,3,4,54,563,6,23,25,167,5
"7",3,2,4,55,604,7,21,23,167,6
"8",3,1,4,44,614,7,21,32,183,7
"9",3,0,4,44,603,7,17,26,167,8
"10",3,0,4,44,645,7,16,21,162,9
"11",4,0,4,47,647,13,22,27,182,10
"12",7,0,4,53,618,14,24,27,179,11
"13",12,0,3,58,638,21,27,32,183,12
"14",9,0,2,59,601,18,30,38,189,13
"15",22,1,2,61,622,12,24,33,176,14
"16",8,0,2,57,673,6,16,27,165,15
"17",7,3,4,62,695,6,20,31,194,16
"18",4,0,4,60,666,5,13,24,166,17
"19",4,0,5,61,673,5,11,22,170,18
"20",4,0,3,54,641,4,9,23,165,19
"21",4,1,3,56,653,4,9,23,164,20
"22",4,2,3,74,647,4,12,23,154,21
"23",1,0,3,65,577,4,16,28,209,22
"24",1,0,3,86,601,4,14,25,147,23
"25",1,1,3,80,599,4,15,24,141,24
"26",1,1,4,74,583,5,14,23,144,25
"27",0,2,2,70,614,5,17,26,162,26
"28",0,2,2,68,570,5,14,24,150,27
"29",0,2,2,69,590,3,9,17,136,28
"30",0,5,2,70,593,7,13,20,142,29
"31",0,2,2,69,574,2,12,19,132,30
"32",1,2,3,83,604,5,14,21,137,31
"33",10,5,3,66,582,2,11,18,130,32
"34",12,7,4,78,633,2,12,25,197,33
"35",12,13,3,75,719,1,23,31,154,34
"36",9,12,3,67,626,1,18,26,124,35
"37",9,13,3,75,691,1,28,36,139,36
"38",3,12,4,66,650,7,23,33,145,37
"39",2,14,3,74,681,7,28,37,150,38
"40",3,15,5,88,711,1,25,41,162,39
"41",3,15,5,89,716,1,22,43,166,40
"42",3,16,5,91,710,1,27,46,156,41
"43",5,17,6,78,677,1,23,42,176,42
"44",6,17,6,78,674,1,15,29,142,43
"45",6,17,6,79,673,1,15,28,142,44
"46",8,15,3,82,710,1,20,33,155,45
"47",8,15,3,78,678,1,19,31,145,46
"48",7,18,3,77,652,1,16,31,155,47
"49",7,18,3,76,650,1,11,24,142,48
"50",4,22,6,68,634,1,11,25,155,49
"51",4,22,6,72,635,1,7,21,140,50
"52",4,23,7,73,627,1,7,21,134,51
"53",4,23,7,82,634,1,7,21,130,52
"54",4,19,5,79,632,1,7,21,148,53
"55",4,20,5,79,634,1,6,20,133,54
"56",3,18,4,58,563,2,8,32,174,55
"57",2,17,2,62,547,2,5,24,140,56
"58",2,3,2,59,561,3,6,35,140,57
"59",2,3,2,69,530,4,6,37,117,58
"60",2,3,2,69,528,4,6,33,105,59
"61",2,3,2,69,523,4,6,34,106,60
"62",2,3,2,69,535,5,7,39,115,61
"63",1,10,2,73,530,5,7,32,120,62
"64",1,2,1,61,507,4,6,30,99,63
"65",1,2,2,58,478,4,6,30,104,64
"66",2,7,7,70,556,6,10,31,171,65
"67",2,8,7,69,574,6,8,18,123,66
"68",2,8,8,75,609,8,11,35,157,67
"69",2,8,8,79,611,8,11,29,148,68
"70",2,8,8,84,610,8,11,29,141,69
"71",12,7,9,102,645,9,12,30,186,70
"72",10,13,9,110,706,8,11,22,210,71
"73",10,13,9,103,698,8,11,20,192,72
"74",5,13,9,106,715,8,12,21,194,73
"75",3,13,9,102,672,10,20,29,213,74
"76",4,13,9,108,700,9,18,22,200,75
"77",4,13,9,108,698,9,18,22,198,76
"78",4,13,9,109,700,9,17,21,198,77
"79",4,11,9,99,670,9,18,22,200,78
"80",4,11,9,96,665,11,20,24,204,79
"81",4,9,9,93,661,11,20,24,218,80
"82",5,9,9,94,671,11,19,23,202,81
"83",5,9,9,93,656,11,19,23,194,82
"84",8,15,7,60,617,14,30,35,263,83
"85",8,7,7,50,512,11,21,25,158,84
"86",11,9,7,47,558,12,30,35,192,85
"87",11,9,7,41,540,11,31,34,170,86
"88",11,9,7,41,537,11,30,33,157,87
"89",11,10,7,41,545,11,32,35,164,88
"90",13,11,8,51,548,17,40,45,181,89
"91",12,12,9,57,592,17,46,54,181,90
"92",12,12,9,55,564,17,42,50,162,91
"93",12,12,9,58,600,17,43,52,173,92
"94",9,15,10,62,582,17,47,56,178,93
"95",9,11,10,59,597,15,44,51,158,94
"96",6,8,10,56,585,15,42,50,178,95
"97",6,10,10,56,596,11,41,47,158,96
"98",6,9,10,53,593,11,45,51,161,97
"99",6,9,9,61,591,11,46,59,184,98
"100",7,4,7,80,591,13,54,70,237,99
"101",7,4,7,80,572,10,42,55,170,100
"102",7,4,7,77,572,10,42,55,177,101
"103",8,3,7,80,561,10,45,58,188,102
"104",4,2,7,67,536,11,39,52,184,103
"105",4,4,7,62,549,11,36,43,146,104
"106",4,4,7,62,552,11,35,42,132,105
"107",4,4,7,61,544,12,35,42,134,106
"108",9,5,7,62,557,12,36,45,133,107
"109",5,5,7,66,565,12,38,47,133,108
"110",5,5,6,77,552,12,42,49,134,109
"111",6,6,6,74,552,12,36,43,125,110
"112",6,7,6,75,551,12,36,44,121,111
"113",8,5,5,66,516,12,43,51,143,112
"114",6,5,5,65,515,12,26,32,108,113
"115",6,5,5,67,510,13,29,35,115,114
"116",3,5,7,69,492,13,28,36,126,115
"117",3,5,7,68,496,13,22,30,118,116
"118",3,5,7,68,499,13,21,29,114,117
"119",3,5,7,68,499,13,21,29,114,118
"120",3,5,7,68,504,13,21,29,115,119
"121",3,5,7,68,497,13,21,29,114,120
"122",3,5,7,70,499,13,21,29,119,121
"123",3,5,7,71,500,13,21,28,115,122
"124",3,5,7,71,499,13,21,28,115,123
"125",2,3,6,65,416,13,21,29,122,124
"126",1,2,6,66,395,13,16,22,100,125
"127",1,2,6,63,383,13,14,20,92,126
"128",1,2,6,71,403,13,14,20,100,127
"129",2,2,6,63,366,13,15,21,101,128
"130",2,2,6,63,373,13,15,21,108,129
"131",2,2,6,63,374,13,15,21,104,130
"132",2,4,6,57,376,13,15,21,109,131
"133",0,6,6,58,396,13,15,21,108,132
"134",0,6,6,56,395,13,15,19,105,133
"135",0,7,6,56,395,13,15,19,105,134
"136",0,7,6,56,395,13,15,19,105,135
"137",0,7,6,56,395,13,15,19,105,136
"138",1,8,6,50,399,13,15,20,107,137
"139",1,8,6,50,394,13,15,20,104,138
"140",2,7,6,45,388,15,17,22,107,139
"141",2,8,5,44,395,15,17,21,105,140
"142",2,8,5,44,396,15,17,21,102,141
"143",2,8,5,44,396,15,17,21,102,142
"144",2,8,5,42,394,17,19,23,105,143
"145",8,6,3,69,358,19,27,60,162,144
"146",8,6,3,69,356,19,26,58,116,145
"147",8,6,3,82,358,19,26,72,130,146
"148",8,6,3,82,358,12,19,65,122,147
"149",8,6,3,81,357,12,19,65,123,148
"150",8,6,3,95,366,12,21,79,140,149
"151",6,6,3,96,364,10,17,75,135,150
"152",5,8,3,94,361,11,18,76,144,151
"153",4,8,3,96,361,9,15,70,135,152
"154",3,8,3,96,358,4,11,64,118,153
"155",3,8,3,97,358,4,10,63,118,154
"156",3,8,3,96,355,4,10,67,122,155
"157",4,7,3,73,410,4,16,74,149,156
"158",4,7,3,65,405,2,17,46,109,157
"159",4,12,4,60,398,2,29,57,128,158
"160",4,12,4,59,403,2,28,44,112,159
"161",4,12,4,59,398,2,28,43,108,160
"162",4,13,4,59,404,2,29,44,109,161
"163",4,13,4,57,389,2,29,42,104,162
"164",3,19,7,52,317,2,41,54,149,163
"165",3,11,7,34,276,1,30,34,81,164
"166",2,13,7,40,338,1,31,37,99,165
"167",2,11,8,41,264,1,24,29,79,166
"168",2,15,7,45,283,1,24,33,85,167
"169",2,13,6,40,238,1,21,25,83,168
"170",2,13,3,46,241,2,15,24,89,169
"171",2,14,3,43,243,2,8,14,69,170
"172",2,14,3,43,241,2,7,13,68,171
"173",2,14,3,42,240,2,7,13,68,172
"174",3,13,4,55,250,4,9,19,92,173
"175",3,13,4,55,250,4,8,17,70,174
"176",7,13,4,54,260,4,9,24,77,175
"177",7,13,4,54,260,4,9,24,77,176
"178",7,13,4,54,260,4,9,24,77,177
"179",7,13,4,54,260,4,9,24,77,178
"180",7,13,4,54,260,4,9,24,77,179
"181",7,10,6,57,267,4,10,26,82,180
"182",7,10,6,57,266,4,10,26,82,181
"183",1,8,6,54,259,4,13,34,93,182
"184",1,8,6,54,256,3,11,23,79,183
"185",1,8,7,55,258,3,11,23,80,184
"186",1,8,7,55,258,3,11,23,79,185
"187",1,8,7,55,258,3,11,23,79,186
"188",1,8,7,55,258,3,11,23,79,187
"189",1,8,7,51,263,3,14,27,83,188
"190",1,8,7,51,263,3,14,24,80,189
"191",2,9,7,57,275,3,14,26,85,190
"192",2,9,7,57,272,2,10,22,80,191
"193",2,9,7,54,288,2,10,29,89,192
"194",2,9,7,54,288,2,9,26,85,193
"195",2,9,7,54,288,2,9,26,85,194
"196",2,9,7,54,288,2,9,27,86,195
"197",2,6,7,54,286,2,9,28,88,196
"198",2,6,7,54,283,2,9,26,81,197
"199",3,7,4,49,247,2,9,28,86,198
"200",3,7,5,48,222,2,9,16,70,199
"201",2,2,5,35,284,3,12,27,126,200
"202",2,2,5,34,280,3,10,23,83,201
"203",2,2,6,35,293,3,10,23,93,202
"204",2,2,6,35,292,3,10,22,92,203
"205",2,2,6,35,292,3,10,22,92,204
"206",2,2,6,35,292,3,10,22,90,205
"207",2,2,6,35,311,3,10,22,94,206
"208",0,1,6,31,318,3,11,23,103,207
"209",0,1,6,31,318,2,10,20,91,208
"210",0,1,6,31,318,2,10,20,91,209
"211",0,1,5,30,317,2,10,20,91,210
"212",0,1,5,30,317,2,10,20,92,211
"213",0,1,4,30,335,2,10,20,100,212
"214",0,1,5,31,337,2,3,13,91,213
"215",0,1,5,31,337,2,3,13,91,214
"216",0,1,5,31,337,2,3,13,91,215
"217",0,1,5,31,337,2,3,13,91,216
"218",0,1,5,31,337,2,3,13,91,217
"219",0,1,5,31,337,2,3,13,91,218
"220",0,1,5,31,337,2,3,13,91,219
"221",0,1,5,29,339,2,4,14,92,220
"222",0,1,5,32,339,2,4,15,105,221
"223",0,1,5,32,339,2,4,15,105,222
"224",0,1,5,32,339,2,4,15,106,223
"225",0,1,5,32,340,2,3,14,104,224
"226",0,1,5,32,340,2,3,14,104,225
"227",0,1,5,26,367,2,3,14,110,226
"228",0,1,5,26,366,2,3,14,100,227
"229",0,1,5,30,370,2,5,16,102,228
"230",1,1,3,38,353,2,8,19,111,229
"231",1,1,3,37,353,2,6,17,86,230
"232",1,1,3,39,352,2,6,17,85,231
"233",1,1,3,39,352,2,6,17,84,232
"234",1,1,2,37,340,3,7,18,89,233
"235",1,1,2,40,340,3,6,17,81,234
"236",1,1,2,40,340,3,6,17,81,235
"237",1,0,2,36,297,4,7,19,92,236
"238",1,0,2,28,272,2,3,16,70,237
"239",1,0,2,28,271,2,3,16,57,238
"240",1,0,2,28,271,2,3,16,57,239
"241",1,0,2,29,259,2,3,19,61,240
"242",1,0,2,28,269,2,3,20,57,241
"243",0,0,2,32,269,2,4,21,55,242
"244",0,0,2,31,268,2,4,21,54,243
"245",0,0,2,31,268,2,3,20,53,244
"246",0,0,2,31,274,2,3,20,61,245
"247",13,1,2,48,311,13,18,37,124,246
"248",19,1,2,50,329,19,32,43,137,247
"249",18,1,2,50,322,20,29,40,125,248
"250",18,1,2,50,325,18,30,41,128,249
"251",15,1,2,49,308,18,28,39,143,250
"252",13,0,6,37,546,29,41,52,165,251
"253",6,0,6,37,539,1,6,16,58,252
"254",6,0,6,38,544,1,6,16,61,253
"255",6,0,6,38,553,1,6,16,60,254
"256",6,0,6,38,549,1,6,16,61,255
"257",6,0,6,41,560,1,6,18,64,256
"258",6,0,6,41,558,1,6,18,63,257
"259",6,0,6,42,575,1,6,29,82,258
"260",6,0,6,42,572,1,6,29,79,259
"261",6,0,6,42,573,1,6,30,83,260
"262",6,0,6,42,571,1,6,30,82,261
"263",6,0,6,47,598,1,6,31,93,262
"264",8,0,6,47,589,1,6,30,92,263
"265",13,0,6,60,629,1,9,32,99,264
"266",13,0,4,57,627,1,9,32,97,265
"267",13,0,4,57,629,1,9,32,97,266
"268",12,0,4,59,643,1,9,32,105,267
"269",12,0,4,51,675,1,9,34,136,268
"270",12,0,5,51,674,1,9,33,126,269
"271",12,0,5,49,677,1,9,33,132,270
"272",13,0,5,49,676,1,9,33,128,271
"273",13,0,6,60,688,1,9,34,160,272
"274",10,0,6,59,673,1,5,27,129,273
"275",11,0,6,61,676,1,5,26,154,274
"276",11,0,6,62,686,1,5,27,145,275
"277",11,0,6,62,684,1,5,26,141,276
"278",11,0,6,62,685,1,5,24,139,277
"279",12,1,6,62,689,1,5,24,146,278
"280",21,11,6,66,687,1,5,23,175,279
"281",10,0,6,65,665,1,5,19,136,280
"282",10,0,7,72,659,1,5,19,161,281
"283",10,0,7,71,664,1,5,11,121,282
"284",11,0,7,66,690,4,9,15,127,283
"285",5,0,7,62,673,9,16,21,130,284
"286",5,0,8,51,674,9,13,18,139,285
"287",5,0,8,51,671,10,12,17,116,286
"288",4,0,8,69,698,7,9,14,116,287
"289",4,0,8,69,685,1,3,8,106,288
"290",5,1,9,75,712,1,4,9,108,289
"291",5,1,9,64,723,1,4,9,106,290
"292",5,1,9,63,706,1,4,9,106,291
"293",5,1,9,62,723,1,4,10,112,292
"294",5,1,9,63,725,1,4,10,113,293
"295",5,0,8,60,688,1,4,9,115,294
"296",5,0,8,60,677,1,4,9,103,295
"297",5,0,8,60,675,1,4,9,93,296
"298",5,0,8,55,664,1,4,9,93,297
"299",1,1,6,46,519,1,6,12,122,298
"300",1,1,6,51,563,1,14,22,105,299
"301",1,1,6,50,510,1,5,9,83,300
"302",0,1,5,51,581,1,14,28,126,301
"303",0,1,5,57,553,1,3,15,121,302
"304",0,1,5,58,621,1,3,18,196,303
"305",0,1,4,50,561,5,7,12,137,304
"306",0,1,3,60,616,3,9,14,203,305
"307",0,1,3,62,1554,1,7,12,129,306
"308",0,1,4,67,1601,1,10,15,170,307
"309",0,1,3,65,1548,1,10,15,139,308
"310",0,1,8,71,1593,1,10,15,160,309
"311",0,1,8,69,1565,1,9,14,152,310
"312",1,1,10,66,1512,1,13,18,187,311
"313",1,1,10,64,1496,1,14,19,140,312
"314",1,1,13,62,1515,2,24,29,165,313
"315",1,0,13,67,1937,2,24,31,155,314
"316",1,0,13,67,1936,2,24,30,144,315
"317",1,0,13,64,1941,2,25,32,157,316
"318",1,0,13,64,1938,2,29,34,152,317
"319",1,0,13,54,1933,2,25,31,168,318
"320",2,1,11,52,1917,2,24,29,158,319
"321",2,2,11,50,1891,2,9,14,124,320
"322",4,3,10,50,1914,2,10,15,152,321
"323",6,5,9,77,1769,1,11,17,193,322
"324",7,5,9,76,1768,1,9,15,138,323
"325",6,5,11,82,1789,1,9,17,151,324
"326",11,9,12,90,1810,1,14,21,187,325
"327",11,9,12,94,1810,1,13,21,169,326
"328",11,9,12,95,1807,1,13,19,165,327
"329",11,9,12,98,1798,1,13,19,167,328
"330",11,9,12,96,1810,1,13,19,165,329
"331",11,9,10,79,1117,1,13,19,178,330
"332",11,7,16,81,1121,2,13,24,181,331
"333",14,7,16,81,1126,2,11,22,169,332
"334",16,7,16,83,1132,2,11,22,161,333
"335",16,6,19,81,1128,2,11,27,178,334
"336",16,6,20,82,1143,2,11,27,154,335
"337",11,5,19,84,1147,2,12,28,172,336
"338",11,5,19,86,1164,2,11,27,156,337
"339",10,5,19,86,1158,2,11,27,157,338
"340",8,5,19,86,1163,2,11,27,156,339
"341",8,5,19,106,1188,2,16,32,190,340
"342",8,5,19,102,1179,2,16,32,168,341
"343",8,5,17,93,1161,2,16,32,164,342
"344",8,6,17,103,1171,2,22,38,190,343
"345",7,6,17,96,1159,2,19,35,160,344
"346",2,2,16,115,1167,2,25,41,191,345
"347",2,2,17,115,1300,2,18,34,165,346
"348",2,1,17,117,1297,2,18,34,159,347
"349",6,1,17,115,1302,3,19,35,161,348
"350",2,2,19,116,1318,3,21,38,186,349
"351",2,1,19,116,1308,3,18,35,152,350
"352",2,1,19,100,1301,5,21,38,163,351
"353",3,3,19,94,1290,10,23,40,164,352
"354",3,3,19,94,1280,10,19,36,142,353
"355",3,3,19,93,1277,11,20,37,140,354
"356",4,12,20,91,1270,10,28,45,153,355
"357",9,12,19,89,1262,19,37,54,176,356
"358",9,12,20,90,1258,19,35,52,168,357
"359",14,19,5,64,774,28,52,69,228,358
"360",14,19,10,75,781,44,61,62,206,359
"361",14,20,8,68,789,44,62,63,178,360
"362",14,6,8,73,777,44,61,62,174,361
"363",13,4,10,81,801,49,54,55,172,362
"364",15,5,10,79,797,43,45,47,158,363
"365",15,5,10,80,791,46,48,50,171,364
"366",15,5,10,80,790,35,37,39,148,365
"367",11,6,7,78,790,35,37,39,156,366
"368",13,6,7,79,791,35,37,39,143,367
"369",16,8,7,73,796,35,39,43,150,368
"370",15,8,6,74,795,37,41,45,153,369
"371",15,8,6,74,790,28,32,36,138,370
"372",11,8,7,76,776,27,31,36,159,371
"373",11,8,7,76,755,21,25,30,116,372
"374",12,9,7,78,778,20,24,29,117,373
"375",13,9,7,78,775,19,24,29,113,374
"376",14,9,7,81,785,19,27,31,118,375
"377",15,12,6,80,778,21,29,33,121,376
"378",16,12,6,81,780,19,28,32,120,377
"379",14,14,6,71,790,21,34,39,140,378
"380",23,17,8,67,784,18,28,37,161,379
"381",23,17,8,67,758,8,18,26,141,380
"382",23,18,9,67,752,8,17,24,151,381
"383",27,20,9,64,632,4,14,26,172,382
"384",19,17,16,75,685,2,16,30,166,383
"385",18,16,15,66,626,0,8,16,111,384
"386",14,13,17,76,688,1,5,15,135,385
"387",13,15,17,79,646,1,5,10,116,386
"388",3,9,16,62,615,1,5,10,126,387
"389",2,3,14,66,650,1,5,7,129,388
"390",2,2,14,56,620,1,5,6,100,389
"391",2,2,14,54,631,1,5,6,92,390
"392",1,2,10,55,642,1,6,7,104,391
"393",1,3,15,61,841,1,6,7,104,392
"394",1,3,15,61,840,1,5,5,76,393
"395",1,3,15,60,840,1,5,5,76,394
"396",1,3,15,61,844,1,5,5,79,395
"397",1,3,13,52,799,1,6,6,80,396
"398",1,3,13,51,800,1,6,6,74,397
"399",1,3,13,51,800,1,6,6,74,398
"400",1,3,13,51,800,1,6,6,73,399
"401",1,3,13,51,800,1,6,6,73,400
"402",1,3,13,51,798,1,6,6,73,401
"403",1,3,13,52,803,1,6,6,73,402
"404",1,3,13,52,787,1,7,7,77,403
"405",1,3,13,53,791,1,7,7,70,404
"406",1,3,13,53,792,1,7,7,69,405
"407",1,3,13,52,791,1,7,7,69,406
"408",2,3,15,54,854,1,9,12,94,407
"409",2,3,15,54,814,1,9,12,74,408
"410",2,3,15,56,824,1,14,17,80,409
"411",1,3,13,55,879,1,17,20,84,410
"412",1,3,13,57,872,1,17,20,76,411
"413",3,3,12,52,862,1,17,20,80,412
"414",3,3,12,52,875,1,16,19,70,413
"415",3,3,12,52,870,1,16,19,69,414
"416",3,3,12,52,873,1,16,20,70,415
"417",3,3,12,53,865,1,16,23,75,416
"418",3,3,12,56,863,1,12,19,69,417
"419",3,2,11,58,697,2,13,22,88,418
"420",3,2,11,56,717,2,12,21,71,419
"421",4,2,11,56,674,1,10,19,62,420
"422",4,2,10,56,738,1,17,26,74,421
"423",3,3,12,60,725,1,11,20,68,422
"424",3,3,11,63,788,1,8,17,73,423
"425",3,3,11,60,722,1,6,15,57,424
"426",4,3,11,70,806,5,11,20,68,425
"427",4,3,8,67,750,7,11,21,95,426
"428",4,3,8,63,737,0,4,14,65,427
"429",4,3,7,70,771,0,7,17,76,428
"430",4,2,7,68,764,0,7,17,65,429
"431",4,2,7,66,765,0,7,16,66,430
"432",3,2,7,67,801,0,8,17,73,431
"433",3,1,12,68,822,0,12,23,83,432
"434",3,1,12,66,823,0,12,23,77,433
"435",3,1,12,68,817,0,12,23,80,434
"436",3,1,12,67,804,0,12,23,78,435
"437",3,1,12,66,815,0,11,22,76,436
"438",1,1,30,86,786,0,11,22,94,437
"439",1,1,34,89,793,0,10,20,86,438
"440",1,1,34,88,786,0,10,20,86,439
"441",1,1,30,87,747,0,10,20,86,440
"442",1,1,28,83,726,0,10,18,76,441
"443",1,1,27,73,695,0,9,17,76,442
"444",1,1,6,57,824,1,11,20,102,443
"445",1,2,7,74,895,2,10,17,80,444
"446",1,2,7,84,967,2,10,17,93,445
"447",1,2,9,86,933,2,10,17,87,446
"448",7,2,9,92,971,2,10,17,106,447
"449",4,2,7,67,983,7,15,25,141,448
"450",3,2,8,96,978,11,19,29,134,449
"451",5,2,9,91,984,5,15,29,141,450
"452",6,2,9,92,988,3,12,25,119,451
"453",6,1,10,92,950,2,11,24,116,452
"454",6,1,10,100,959,6,15,29,127,453
"455",5,1,10,87,950,6,15,28,129,454
"456",3,1,13,89,963,10,20,46,148,455
"457",3,1,13,94,986,7,17,24,123,456
"458",5,1,15,93,808,13,23,36,136,457
"459",4,0,14,85,703,3,9,15,85,458
"460",4,0,14,67,724,3,9,12,76,459
"461",4,0,14,66,718,3,9,12,72,460
"462",4,0,14,66,721,3,9,12,73,461
"463",4,0,14,67,708,3,9,12,77,462
"464",4,0,11,62,700,3,10,13,82,463
"465",4,0,11,62,680,3,10,13,77,464
"466",4,0,11,60,686,3,10,14,82,465
"467",3,0,10,58,611,2,8,12,78,466
"468",3,0,10,61,614,2,7,11,81,467
"469",3,0,10,61,615,2,7,11,85,468
"470",4,0,9,71,667,2,8,24,129,469
"471",4,0,10,72,671,0,6,20,101,470
"472",4,0,15,82,711,0,6,22,113,471
"473",4,0,15,83,721,0,5,21,110,472
"474",4,0,15,84,721,0,5,21,106,473
"475",4,0,14,85,727,0,5,21,108,474
"476",4,0,19,105,764,0,5,27,132,475
"477",4,0,19,104,758,0,1,23,121,476
"478",3,0,21,112,783,0,1,25,136,477
"479",3,0,20,108,766,0,1,25,132,478
"480",4,0,21,119,787,0,1,25,148,479
"481",4,0,21,119,789,0,1,25,132,480
"482",4,0,21,119,790,0,1,25,132,481
"483",2,0,22,123,796,0,1,25,144,482
"484",2,0,22,122,765,0,1,25,127,483
"485",4,0,18,97,600,1,2,27,169,484
"486",4,0,18,97,565,1,2,20,125,485
"487",4,0,14,89,601,1,2,20,142,486
"488",4,0,14,89,600,1,2,20,131,487
"489",4,1,14,89,601,1,2,20,131,488
"490",4,1,14,89,604,1,2,20,132,489
"491",5,1,14,89,606,1,2,20,134,490
"492",5,1,14,85,618,1,2,20,144,491
"493",5,1,14,84,597,1,2,19,128,492
"494",6,1,14,79,608,1,2,18,147,493
"495",6,1,15,79,599,1,2,9,117,494
"496",6,1,13,75,606,1,2,8,123,495
"497",18,0,12,77,575,5,8,13,150,496
"498",2,0,10,85,608,5,11,14,185,497
"499",2,0,10,76,521,5,9,11,117,498
"500",2,0,8,84,537,5,10,12,134,499
"501",4,1,5,70,442,4,7,10,142,500
"502",9,1,5,56,471,2,3,6,106,501
"503",7,1,5,52,441,2,3,6,106,502
"504",7,1,4,69,457,2,3,6,117,503
"505",7,1,4,68,449,2,3,6,110,504
"506",7,1,4,70,451,2,3,6,101,505
"507",7,1,4,71,450,2,3,6,106,506
"508",9,1,3,70,425,2,3,6,118,507
"509",15,1,3,72,421,2,3,5,115,508
"510",18,1,3,67,412,2,3,5,120,509
"511",18,0,2,54,308,3,4,6,147,510
"512",18,0,2,53,306,1,1,1,93,511
"513",19,0,3,56,309,1,1,2,97,512
"514",19,0,4,59,317,1,1,2,94,513
"515",7,0,4,50,308,1,1,2,107,514
"516",4,0,2,43,291,1,1,4,86,515
"517",4,0,2,40,286,1,1,3,68,516
"518",4,0,2,23,262,1,1,3,66,517
"519",4,0,2,23,262,1,1,3,53,518
"520",4,0,2,23,261,1,1,3,53,519
"521",4,0,2,28,248,1,1,3,56,520
"522",4,0,2,25,240,1,1,3,49,521
"523",4,0,5,27,244,1,1,3,52,522
"524",4,0,5,26,243,1,1,4,51,523
"525",4,0,5,26,241,1,1,3,49,524
"526",4,0,5,27,235,1,1,3,54,525
"527",4,0,4,27,234,1,1,3,48,526
"528",3,0,4,26,231,1,1,3,49,527
"529",3,0,2,25,220,1,1,2,46,528
"530",3,0,2,25,214,1,1,2,45,529
"531",3,0,2,25,214,1,1,2,38,530
"532",3,0,2,23,214,1,1,2,38,531
"533",3,0,2,23,213,1,1,2,37,532
"534",3,0,2,23,215,1,1,3,39,533
"535",3,0,2,23,213,1,1,2,38,534
"536",3,0,2,22,202,1,1,2,40,535
"537",3,0,2,21,196,1,1,2,38,536
"538",2,0,2,21,188,1,1,2,37,537
"539",2,0,2,21,188,1,1,1,35,538
"540",2,0,2,21,185,1,1,1,35,539
"541",2,0,2,21,183,2,2,2,67,540
"543",4,0,4,41,370,3,3,3,103,541
"544",5,1,2,22,200,3,5,5,39,551
"545",6,0,2,19,198,1,2,2,36,561
"546",6,1,4,23,203,3,4,4,32,571
"547",5,0,5,25,195,1,1,1,34,581
"548",5,0,5,23,190,1,1,1,32,591
"549",6,3,5,25,188,1,1,1,37,601
"550",4,1,5,23,173,1,1,1,38,611
"551",4,0,5,23,165,1,1,1,35,621
"552",1,1,3,33,289,1,1,2,42,631
"553",3,1,3,32,293,1,1,3,33,641
"554",1,0,4,35,297,1,1,5,44,651
"555",1,0,4,36,294,1,1,5,37,661
"556",0,0,4,36,293,1,1,4,41,671
"557",1,0,4,34,291,1,1,9,45,681
"558",0,0,4,29,279,1,1,6,40,691
"559",0,0,4,29,272,1,1,7,41,701
"560",0,0,3,14,154,1,1,6,36,711
"561",0,0,3,12,157,1,1,2,25,721
"562",0,0,3,12,155,1,1,2,22,731
"563",0,0,3,12,159,1,1,2,23,741
"564",0,0,4,14,159,1,1,2,22,751
"565",0,0,6,17,162,1,1,2,22,761
"566",0,0,4,15,158,1,1,2,20,771
"567",1,0,4,16,158,2,2,3,24,781
"568",1,0,3,14,155,2,2,3,21,791
"569",4,0,3,12,156,3,3,4,21,801
"570",5,0,3,12,158,3,3,5,21,811
"571",5,0,3,14,161,3,3,5,21,821
"572",5,0,3,12,159,3,3,5,21,831
"573",5,0,3,12,164,3,3,5,22,841
"574",3,0,3,13,161,2,2,5,22,851
"575",3,0,3,12,160,1,1,3,22,861
"576",3,0,4,12,161,1,1,3,22,871
"577",3,0,6,15,163,1,1,3,24,881
"578",3,0,6,16,166,1,1,2,22,891
"579",3,0,7,17,168,2,2,4,25,901
"580",3,0,6,16,167,2,2,3,25,911
"581",1,0,6,16,163,2,2,3,23,921
"582",1,0,6,16,163,2,2,3,23,931
"583",1,0,4,13,160,2,2,4,25,941
"584",1,0,4,11,155,2,2,3,22,951
"585",1,0,3,10,164,1,1,2,23,961
"586",1,0,3,10,164,1,1,2,22,971
"587",1,0,3,10,165,1,1,2,22,981
"588",2,1,1,21,260,1,2,5,54,991
"589",2,1,1,21,259,0,1,4,38,1001
"590",3,1,1,22,262,0,1,6,42,1011
"591",2,1,2,23,263,0,1,4,38,1021
"592",2,1,1,22,264,0,1,4,41,1031
"593",2,1,1,22,264,0,1,4,39,1041
"594",3,1,1,22,264,0,1,5,43,1051
"595",3,1,1,22,264,0,1,5,39,1061
"596",3,1,1,22,263,0,1,5,40,1071
"597",2,1,1,23,259,0,1,5,41,1081
"598",2,1,2,24,260,0,1,5,42,1091
"599",2,1,2,24,259,0,1,4,39,1101
"600",2,1,2,24,258,0,1,4,39,1111
"601",2,1,3,25,257,0,1,4,38,1121
"602",2,1,3,25,257,0,1,4,38,1131
"603",2,1,3,26,263,0,1,4,37,1141
"604",2,1,3,26,264,0,1,4,38,1151
"605",2,1,3,26,263,0,1,4,36,1161
"606",2,1,2,25,261,0,1,4,38,1171
"607",2,1,2,27,262,0,1,4,38,1181
"608",1,1,1,28,254,0,1,4,40,1191
"609",1,1,1,28,253,0,1,3,37,1201
"610",1,1,1,29,254,0,1,3,38,1211
"611",1,1,1,29,254,0,1,3,39,1221
"612",1,1,2,31,257,0,1,3,38,1231
"613",1,1,2,29,253,0,1,3,36,1241
"614",1,1,2,28,253,0,1,3,35,1251
"615",1,1,2,28,249,0,1,3,35,1261
"616",1,1,1,27,246,0,1,3,35,1271
"617",1,1,2,28,251,0,1,3,35,1281
"618",1,1,2,27,250,0,1,3,35,1291
"619",1,1,2,27,249,0,1,3,35,1301
"620",1,1,2,27,255,0,1,3,35,1311
"621",1,1,2,27,255,0,1,3,36,1321
"622",1,1,2,27,257,0,1,3,35,1331
"623",1,1,3,29,255,0,1,3,37,1341
"624",1,1,3,29,260,0,1,3,36,1351
"625",1,1,3,29,255,0,1,3,36,1361
"626",1,1,2,29,258,0,1,3,36,1371
"627",1,1,2,29,258,0,1,3,35,1381
"628",2,2,5,32,368,1,3,5,42,1391
"629",2,2,5,34,373,1,3,5,42,1401
"630",4,2,6,33,379,1,5,7,50,1411
"631",4,2,5,36,381,1,5,7,48,1421
"632",4,2,9,40,378,1,5,7,54,1431
"633",4,2,5,32,372,1,5,7,50,1441
"634",4,2,6,31,375,1,5,7,53,1451
"635",4,2,5,29,370,1,5,7,48,1461
"636",4,2,5,31,368,1,5,7,52,1471
"637",4,2,5,31,366,1,5,7,50,1481
"638",4,2,6,31,365,1,5,7,50,1491
"639",4,2,6,30,365,1,5,7,51,1501
"640",4,2,7,31,367,1,5,7,53,1511
"641",4,2,7,31,366,1,5,7,51,1521
"642",4,2,9,32,367,1,5,7,51,1531
"643",2,2,9,31,362,1,5,7,50,1541
"644",2,2,9,31,362,1,3,5,47,1551
"645",2,2,8,30,354,1,3,5,47,1561
"646",2,2,8,31,354,1,3,5,42,1571
"647",2,2,8,33,356,1,3,5,42,1581
"648",7,5,18,87,693,6,9,16,90,1591
"649",7,5,17,86,692,6,7,12,54,1601
"650",7,5,17,87,694,6,7,12,54,1611
"651",7,5,17,90,697,6,7,12,55,1621
"652",7,5,17,94,703,6,7,12,56,1631
"653",7,5,17,93,704,6,7,12,56,1641
"654",7,5,17,92,703,6,7,12,56,1651
"655",7,5,17,91,700,6,7,12,56,1661
"656",7,5,17,88,703,6,7,12,59,1671
"657",7,6,17,88,708,6,10,15,60,1681
"658",7,6,17,87,707,6,10,15,64,1691
"659",7,6,17,87,707,6,10,15,64,1701
"660",7,6,18,88,708,6,10,15,64,1711
"661",7,6,17,86,706,6,10,15,63,1721
"662",7,6,17,84,703,6,10,15,63,1731
"663",8,7,16,82,700,6,10,15,63,1741
"664",8,7,16,82,698,6,10,15,62,1751
"665",8,7,16,82,699,6,10,15,60,1761
"666",8,6,17,84,700,6,12,17,62,1771
"667",8,6,17,83,699,6,10,15,59,1781
"668",6,5,6,58,513,6,10,15,63,1791
"669",6,5,6,57,512,2,6,10,44,1801
"670",7,5,7,56,518,2,10,14,50,1811
"671",7,5,6,56,518,2,11,15,49,1821
"672",7,5,6,59,526,2,11,15,49,1831
"673",9,5,7,61,529,2,12,16,52,1841
"674",9,5,7,62,532,2,11,15,52,1851
"675",7,5,7,63,529,2,14,19,52,1861
"676",7,5,6,60,532,2,12,17,54,1871
"677",7,5,6,59,526,2,11,16,51,1881
"678",6,4,7,60,522,2,10,15,50,1891
"679",6,4,7,58,519,2,10,15,49,1901
"680",6,4,6,59,520,2,10,15,49,1911
"681",6,4,7,59,520,2,10,15,50,1921
"682",6,4,6,58,520,2,9,14,51,1931
"683",5,4,6,58,517,2,9,14,49,1941
"684",5,4,5,54,510,2,9,14,48,1951
"685",5,4,5,55,509,2,6,10,44,1961
"686",5,4,5,56,508,2,6,10,44,1971
"687",5,4,5,54,504,2,6,10,43,1981
"688",6,4,5,54,507,2,6,10,44,1991
"689",5,4,5,54,505,2,6,10,42,2001
"690",5,4,5,54,502,2,6,10,44,2011
"691",5,4,5,56,503,2,6,10,43,2021
"692",5,4,5,54,502,2,6,10,43,2031
"693",4,4,3,36,311,2,6,10,43,2041
"694",4,4,3,35,311,2,6,10,40,2051
"695",4,4,3,36,310,2,6,10,40,2061
"696",5,4,3,36,310,2,6,11,41,2071
"697",4,4,3,36,309,2,6,10,39,2081
"698",4,4,3,35,311,2,6,11,42,2091
"699",4,4,3,36,311,2,6,10,42,2101
"700",4,4,3,36,311,2,6,10,41,2111
"701",4,4,3,36,310,2,6,10,41,2121
"702",4,4,3,35,310,2,6,10,41,2131
"703",4,4,3,35,310,2,6,10,41,2141
"704",4,4,3,35,310,2,6,10,42,2151
"705",4,4,3,35,309,2,6,10,41,2161
"706",4,4,3,35,308,2,6,10,41,2171
"707",4,4,3,35,308,2,6,10,39,2181
"708",4,4,3,38,314,2,6,10,39,2191
"709",4,4,3,38,322,2,6,10,39,2201
"710",4,4,3,39,315,2,6,10,39,2211
"711",4,4,3,39,314,2,6,10,39,2221
"712",4,4,3,40,314,2,6,10,40,2231
"713",4,4,3,40,314,2,6,10,39,2241
"714",4,4,3,40,314,2,6,10,39,2251
"715",4,4,3,41,315,2,6,10,40,2261
"716",4,4,3,42,314,2,7,11,42,2271
"717",4,4,3,45,317,2,5,10,40,2281
"718",5,8,3,48,322,2,6,11,48,2291
"719",5,8,3,49,324,2,10,15,52,2301
"720",5,8,3,45,320,2,6,11,47,2311
"721",5,8,3,50,325,2,10,16,57,2321
"722",5,8,3,50,325,2,6,16,55,2331
"723",5,8,3,41,316,2,6,17,57,2341
"724",5,8,3,45,319,2,6,11,54,2351
"725",5,12,3,41,315,2,6,11,49,2361
"726",5,8,3,45,315,2,6,11,45,2371
"727",5,8,3,45,314,2,6,11,45,2381
"728",5,8,3,41,310,2,5,10,44,2391
"729",5,8,3,45,314,2,5,10,44,2401
"730",5,8,3,45,314,2,5,10,44,2411
"731",5,8,3,45,314,2,5,10,44,2421
"732",5,8,3,45,313,2,5,13,47,2431
"733",5,8,3,43,311,2,5,12,46,2441
"734",5,8,3,44,312,2,5,13,47,2451
"735",5,8,3,41,309,2,5,12,46,2461
"736",5,8,3,40,309,2,5,10,44,2471
"737",5,8,3,42,310,2,5,9,43,2481
"738",0,9,4,26,153,3,8,16,65,2491
"739",0,9,4,26,153,1,4,8,28,2501
"740",0,9,4,26,153,1,4,8,28,2511
"741",0,9,4,26,153,1,4,8,28,2521
"742",0,9,4,26,153,1,4,8,29,2531
"743",0,9,4,26,154,1,4,8,28,2541
"744",0,9,8,30,159,1,4,12,33,2551
"745",0,9,8,30,159,1,4,12,32,2561
"746",0,9,10,32,162,1,4,14,34,2571
"747",0,9,11,33,163,1,4,15,35,2581
"748",0,9,11,33,162,1,4,15,35,2591
"749",0,9,11,33,162,1,4,15,35,2601
"750",0,9,12,34,162,1,4,17,37,2611
"751",0,9,12,34,164,1,4,16,36,2621
"752",0,9,12,34,164,1,4,16,36,2631
"753",0,9,10,32,165,1,4,16,37,2641
"754",0,9,10,32,165,1,4,14,34,2651
"755",0,9,10,32,164,1,4,14,34,2661
"756",0,9,10,34,170,1,4,14,34,2671
"757",0,9,10,34,168,1,4,14,34,2681
"758",0,9,10,34,169,1,4,17,37,2691
"759",0,11,7,30,167,1,4,13,36,2701
"760",0,11,10,34,170,1,4,17,40,2711
"761",0,11,6,29,165,1,4,10,33,2721
"762",0,11,6,27,169,1,4,13,37,2731
"763",0,11,4,26,168,1,4,10,34,2741
"764",0,11,4,26,169,1,4,8,32,2751
"765",0,11,4,26,170,1,4,8,32,2761
"766",0,11,4,26,169,1,4,8,32,2771
"767",0,11,4,26,169,1,4,8,32,2781
"768",0,2,3,18,122,1,4,8,34,2791
"769",0,2,3,18,122,0,1,4,14,2801
"770",0,1,3,18,122,0,1,4,14,2811
"771",0,1,3,18,122,0,1,4,13,2821
"772",0,0,3,18,122,0,1,4,14,2831
"773",0,0,3,18,122,0,1,4,12,2841
"774",0,0,3,18,122,0,1,4,12,2851
"775",0,0,3,18,121,0,1,4,12,2861
"776",0,0,3,18,113,0,1,4,12,2871
"777",0,0,3,18,112,0,1,4,11,2881
"778",0,0,3,18,113,0,1,4,11,2891
"779",0,0,3,18,112,0,1,4,11,2901
"780",0,0,3,18,109,0,1,4,11,2911
"781",0,0,3,18,109,0,1,4,10,2921
"782",0,0,3,18,109,0,1,4,10,2931
"783",0,0,3,18,108,0,1,4,10,2941
"784",0,0,3,18,108,0,1,4,10,2951
"785",0,0,3,18,108,0,1,4,9,2961
"786",0,0,3,18,108,0,1,4,9,2971
"787",0,0,3,18,108,0,1,4,9,2981
"788",0,0,3,17,106,0,1,4,9,2991
"789",0,0,3,17,106,0,1,4,9,3001
"790",0,0,3,17,106,0,1,4,9,3011
"791",0,0,3,17,106,0,1,4,9,3021
"792",0,0,3,17,106,0,1,4,9,3031
"793",0,0,3,17,106,0,1,4,9,3041
"794",0,0,3,17,106,0,1,4,9,3051
"795",0,0,3,17,106,0,1,4,9,3061
"796",0,0,3,17,106,0,1,4,9,3071
"797",0,0,3,17,106,0,1,4,9,3081
"798",0,0,3,17,106,0,1,4,9,3091
"799",0,0,3,17,106,0,1,4,9,3101
"800",0,0,3,17,106,0,1,4,9,3111
"801",0,0,3,17,106,0,1,4,9,3121
"802",0,0,3,17,105,0,1,4,9,3131
"803",0,0,3,17,105,0,1,4,9,3141
"804",0,0,3,17,105,0,1,4,9,3151
"805",0,0,3,17,105,0,1,4,9,3161
"806",0,0,3,17,105,0,1,4,9,3171
"807",0,0,3,17,105,0,1,4,9,3181
"808",1,1,5,21,103,0,4,8,13,3191
"809",1,1,5,21,103,0,4,8,13,3201
"810",1,1,5,21,103,0,4,8,13,3211
"811",1,1,5,21,103,0,4,8,13,3221
"812",1,1,5,21,103,0,4,8,13,3231
"813",1,1,5,21,103,0,4,8,13,3241
"814",1,1,5,21,103,0,4,8,13,3251
"815",1,1,5,21,103,0,4,8,13,3261
"816",1,1,5,21,103,0,4,8,13,3271
"817",1,1,5,21,103,0,4,8,13,3281
"818",1,1,5,21,103,0,4,8,13,3291
"819",1,1,5,21,103,0,4,8,13,3301
"820",1,1,5,21,103,0,4,8,13,3311
"821",1,1,5,21,103,0,4,8,13,3321
"822",1,1,5,21,103,0,4,8,13,3331
"823",1,1,5,21,103,0,4,8,13,3341
"824",1,1,5,21,103,0,4,8,13,3351
"825",1,1,5,21,103,0,4,8,13,3361
"826",1,1,5,21,103,0,4,8,13,3371
"827",1,1,5,21,103,0,4,8,13,3381
"828",1,1,5,21,103,0,4,8,13,3391
"829",1,1,5,21,103,0,4,8,13,3401
"830",1,1,5,21,103,0,4,8,13,3411
"831",1,1,5,21,103,0,4,8,13,3421
"832",1,1,5,21,104,0,4,8,13,3431
"833",1,1,5,21,104,0,4,8,13,3441
"834",1,1,5,21,105,0,4,8,13,3451
"835",1,1,5,21,105,0,4,8,13,3461
"836",1,1,5,21,105,0,4,8,13,3471
"837",1,1,5,21,105,0,4,8,13,3481
"838",1,1,5,21,107,0,4,8,13,3491
"839",1,1,5,21,107,0,4,8,13,3501
"840",1,1,5,21,107,0,4,8,13,3511
"841",1,1,5,21,107,0,4,8,13,3521
"842",1,1,5,21,107,0,4,8,13,3531
"843",1,1,5,21,107,0,4,8,13,3541
"844",1,1,5,21,107,0,4,8,13,3551
"845",1,1,5,21,107,0,4,8,13,3561
"846",1,1,5,21,107,0,4,8,13,3571
"847",1,1,5,21,107,0,4,8,13,3581
"848",0,0,3,11,74,0,4,8,13,3591
"849",0,0,3,11,74,0,1,4,8,3601
"850",0,0,3,12,74,0,1,4,8,3611
"851",0,0,3,12,74,0,1,4,8,3621
"852",0,0,3,12,74,0,1,4,8,3631
"853",0,0,3,12,74,0,1,4,8,3641
"854",0,0,3,12,74,0,1,4,8,3651
"855",0,0,3,12,74,0,1,4,8,3661
"856",0,0,3,13,74,0,1,4,8,3671
"857",0,0,3,13,74,0,1,4,8,3681
"858",0,0,3,13,74,0,1,4,8,3691
"859",0,0,3,13,74,0,1,4,8,3701
"860",0,0,3,13,74,0,1,4,8,3711
"861",0,0,3,13,74,0,1,4,8,3721
"862",0,0,3,13,74,0,1,4,8,3731
"863",0,0,3,13,74,0,1,4,8,3741
"864",0,0,3,13,74,0,1,4,8,3751
"865",0,0,3,13,74,0,1,4,8,3761
"866",0,0,3,13,74,0,1,4,8,3771
"867",0,0,3,13,74,0,1,4,8,3781
"868",0,0,3,13,74,0,1,4,8,3791
"869",0,0,3,13,74,0,1,4,8,3801
"870",0,0,3,13,74,0,1,4,8,3811
"871",0,0,3,13,74,0,1,4,8,3821
"872",0,0,3,13,74,0,1,4,8,3831
"873",0,0,3,13,74,0,1,4,8,3841
"874",0,0,3,13,74,0,1,4,8,3851
"875",0,0,3,13,74,0,1,4,8,3861
"876",0,0,3,13,74,0,1,4,8,3871
"877",0,0,3,12,73,0,1,4,8,3881
"878",0,0,3,12,73,0,1,4,8,3891
"879",0,0,3,11,72,0,1,4,8,3901
"880",0,0,3,11,72,0,1,4,8,3911
"881",0,0,3,11,72,0,1,4,8,3921
"882",0,0,3,11,72,0,1,4,8,3931
"883",0,0,3,11,72,0,1,4,8,3941
"884",0,0,3,11,72,0,1,4,8,3951
"885",0,0,3,11,72,0,1,4,8,3961
"886",0,0,3,11,72,0,1,4,8,3971
"887",0,0,3,11,72,0,1,4,8,3981
"888",0,0,0,0,2,0,1,4,8,3991
"889",4,0,4,41,370,3,3,3,103,4001
